,_Age,_Weight,_Height,_avg_td_att,_avg_sig_str,_fights
Nazareno Malegarie,65,58,80,0,0,1
Richie Vaculik,71,46,78,31,9,3
Jumabieke Tuerxun,65,50,79,17,5,3
Joanna Jedrzejczyk,63,43,78,0,50,7
Jose Aldo,65,54,79,4,21,4
Josh Shockley,58,58,86,0,6,2
Lukasz Sajewski,56,58,80,2,16,3
Derrick Lewis,69,98,89,16,9,10
Paul Felder,69,58,84,10,33,8
Cain Velasquez,73,90,86,7,2,2
Joanne Calderwood,67,43,78,17,36,5
CB Dollaway,71,77,87,11,15,5
Vagner Rocha,73,58,83,0,3,1
Tim Johnson,69,100,89,7,17,3
Brett Johns,54,50,79,0,0,1
Kevin Lee,52,58,82,70,31,9
Vaughan Lee,73,50,78,1,22,3
Shunichi Shimizu,69,50,77,0,0,1
Colby Covington,63,64,84,62,13,7
Erick Silva,69,64,85,13,18,7
Darren Stewart,56,77,83,2,13,2
Tarec Saffiedine,65,64,83,8,15,5
Teemu Packalen,63,58,86,21,6,3
Mike Perry,54,64,83,0,37,3
Zhang Lipeng,58,58,84,52,12,2
James Moontasri,60,64,83,0,13,6
Sean O'Connell,71,77,86,15,3,7
Pat Healy,71,58,85,20,0,2
Alex White,60,54,85,7,8,5
Ramsey Nijem,60,58,84,20,10,4
Luiz Dutra,73,64,84,0,0,1
Ernest Chavez,71,58,80,7,9,3
Gavin Tucker,65,54,79,0,31,1
David Teymur,60,58,82,2,7,3
Reginaldo Vieira,73,50,79,5,0,3
Francis Ngannou,65,94,90,0,9,4
Estevan Payan,76,54,83,0,0,1
Nick Hein,69,58,78,19,16,5
Khalil Rountree,58,77,86,0,0,2
Bojan Mihajlovic,78,88,84,1,1,2
John Moraga,71,46,78,17,23,7
Colton Smith,63,58,85,0,0,1
Juliana Lima,76,43,77,50,9,5
Davi Ramos,65,64,80,0,23,1
Mirsad Bektic,56,54,80,24,5,5
Antonio Dos Santos,60,70,83,0,0,1
Richard Walsh,60,64,85,23,23,6
Katsunori Kikuno,76,54,80,10,7,5
Chad Mendes,67,54,78,23,20,4
Lando Vannata,54,58,82,3,69,3
Dhiego Lima,60,64,87,7,1,3
Todd Duffee,67,98,89,0,1,2
Patrick Holohan,60,46,83,1,0,2
Brian Ortega,56,54,80,7,9,4
Heather Jo Clark,78,43,78,22,4,2
Kiichi Kunimoto,76,64,83,18,8,4
Antonio Braga Neto,63,70,89,0,9,1
Tatsuya Kawajiri,82,54,79,72,14,6
Desmond Green,58,58,83,0,37,1
Jason Knight,52,54,83,12,28,4
Larissa Pacheco,47,50,79,1,7,2
Matt Brown,78,64,85,14,30,6
Drew Dober,60,58,80,22,16,7
Michael McDonald,56,50,82,0,0,2
John Howard,73,64,79,12,26,5
Michelle Waterson,67,43,75,6,20,3
Jessica Penne,73,43,77,26,19,3
Tom Watson,73,70,86,5,13,4
Keith Berish,67,70,85,0,0,1
Neil Magny,63,64,89,91,28,12
Tom Duquesnoy,50,50,79,0,2,1
Justin Ledet,60,90,90,0,0,2
Bartosz Fabinski,65,70,85,0,1,1
Eric Shelton,56,46,78,0,0,1
Shayna Baszler,78,50,79,5,9,2
Wendell Oliveira,71,64,83,0,0,1
Dominique Steele,63,64,83,13,10,3
Phil Harris,71,46,76,2,4,2
Leonardo Morales,52,50,80,1,3,2
Nicolas Dalby,69,64,84,20,9,3
Julianna Pena,58,50,78,13,9,4
Tony Sims,67,58,84,1,10,3
Roy Nelson,86,99,85,44,9,8
Andy Ogle,60,54,80,8,8,3
Brian Houston,76,70,87,0,0,1
Leslie Smith,73,50,82,12,12,6
Josh Barnett,84,94,89,0,12,2
Michael McBride,67,58,86,0,33,1
Will Chope,56,54,90,0,0,1
Ilir Latifi,71,77,83,9,7,7
Joe Gigliotti,50,70,84,1,16,2
Henrique da Silva,58,77,89,2,26,4
Augusto Mendes,73,50,78,8,47,3
Cain Carrizosa,65,58,80,0,2,2
Roger Zapata,65,64,84,0,1,1
Claudia Gadelha,60,43,76,55,38,5
Nordine Taleb,76,64,86,23,16,5
Islam Makhachev,54,58,83,14,15,4
Yosdenis Cedeno,69,58,80,2,8,4
Lisa Ellis,73,43,76,4,0,2
Josh Thomson,82,58,83,26,10,3
Jon Tuck,69,58,84,11,4,4
Justin Scoggins,52,50,79,50,13,6
TJ Waldburger,60,64,84,0,0,1
Robbie Lawler,76,64,84,1,29,6
Cortney Casey,63,43,79,2,25,5
Yaotzin Meza,78,54,82,25,6,5
Michael Chiesa,63,58,86,33,19,5
Piotr Hallmann,63,58,82,26,15,4
Yoel Romero,84,70,85,42,18,6
Abel Trujillo,71,58,80,20,6,6
Tony Martin,58,58,85,19,7,5
Erik Perez,58,50,80,11,13,4
Josh Samman,63,70,89,7,6,4
Rafael Natal,73,70,85,85,25,7
Joshua Sampo,69,46,76,0,11,1
Igor Pokrajac,82,77,85,0,0,1
Francis Carmont,76,70,89,5,6,3
Chris Weidman,69,70,87,46,21,5
Vicente Luque,54,64,84,8,15,5
Gegard Mousasi,67,70,87,20,15,11
Matt Dwyer,58,64,90,2,13,4
Johnny Eduardo,82,50,79,5,17,3
Yair Rodriguez,52,54,84,33,26,6
Rin Nakai,65,50,72,28,13,2
Will Campuzano,65,46,82,0,0,1
Aisling Daly,63,43,73,8,4,3
Marvin Vettori,50,70,85,1,17,2
Efrain Escudero,67,58,82,7,15,5
Adriano Martins,73,58,83,4,7,5
Justin Jones,63,70,84,0,2,1
Conor McGregor,60,58,82,3,20,8
Jamie Varner,69,58,80,0,3,3
Dustin Ortiz,60,46,77,81,20,8
Angela Hill,69,43,75,0,36,3
Cody Pfister,56,58,83,29,9,4
Danny Castillo,80,58,82,25,6,5
Charles Rosa,65,54,82,45,8,5
Sara McMann,78,50,78,30,19,7
Jason Gonzalez,58,58,87,0,10,2
Marcelo Guimaraes,71,70,85,13,6,2
Yancy Medeiros,63,58,83,1,31,7
Chris Kelades,78,46,79,19,15,4
Travis Browne,73,95,93,8,17,7
Randy Brown,56,64,89,15,13,5
BJ Penn,82,54,82,0,28,2
Bubba McDaniel,71,70,89,0,0,1
Dooho Choi,54,54,83,0,26,2
Amanda Cooper,54,43,75,2,3,3
Garreth McLellan,73,70,86,7,15,3
Marion Reneau,84,50,78,1,27,2
Tamdan McCrory,65,70,90,7,11,3
Stefan Struve,63,100,100,1,18,5
Stephen Thompson,73,64,85,5,23,7
Rampage Jackson,82,77,86,0,0,1
Danny Martinez,67,46,78,34,12,4
Ricardo Lamas,73,54,80,39,29,6
Chris Indich,63,64,83,1,1,2
Nathan Coy,82,64,83,6,12,3
Hernani Perpetuo,67,64,85,1,5,2
Tyron Woodley,73,64,82,12,23,7
Saparbeg Safarov,65,77,86,0,41,1
Gilbert Melendez,73,58,82,16,37,3
Gerald Meerschaert,63,70,86,2,2,2
Erik Koch,60,58,83,0,0,3
George Roop,76,50,84,3,5,3
Renee Forte,63,58,79,0,0,1
Andrei Arlovski,82,90,90,3,19,8
Filip Pejic,52,50,83,0,0,1
Marcin Bandel,58,58,83,0,0,1
Wagner Silva,65,64,85,1,1,2
Bojan Velickovic,60,70,85,11,6,3
Ronda Rousey,65,50,79,2,8,6
Karolina Kowalkiewicz,67,43,75,1,43,4
Robert Peralta,67,54,80,1,1,3
Akira Corassani,73,54,80,1,4,3
Alexander Gustafsson,65,77,91,9,14,4
Santiago Ponzinibbio,65,64,85,7,13,5
Henry Briones,78,50,80,0,8,3
Carlos Condit,69,64,87,4,16,4
Thiago Tavares,69,54,79,23,2,4
Darren Elkins,69,54,83,89,29,7
Enrique Marin,65,64,83,4,3,2
Guilherme Vasconcelos,67,70,85,0,0,1
Chris Clements,89,64,83,0,11,2
Roger Narvaez,71,70,89,1,20,3
Elizeu Zaleski dos Santos,65,64,84,6,6,3
Dan Miller,76,70,86,0,0,1
Tim Elliott,65,46,79,5,87,2
Oluwale Bamgbose,63,70,84,0,11,3
Yui Chul Nam,76,54,82,1,4,2
Chris Camozzi,65,70,87,11,15,8
Josh Emmett,69,58,80,15,22,3
Marcin Held,54,58,82,2,8,2
Rodrigo Damm,80,58,79,6,3,3
Joe Soto,65,50,78,24,13,6
Jessin Ayari,52,64,85,0,0,1
Sirwan Kakai,58,50,78,14,21,2
Ron Stallings,73,70,85,0,5,3
Vinc Pichel,73,58,83,17,0,2
Ricardo Ramos,45,50,82,0,0,1
Rick Story,69,64,83,12,20,4
Makwan Amirkhani,60,54,83,6,9,3
Richardson Moreira,69,70,87,0,0,1
Cory Hendricks,60,77,89,0,0,1
Quinn Mulhern,69,58,89,0,0,1
Al Iaquinta,63,58,82,6,11,6
T.J. Dillashaw,67,50,78,23,31,1
Alan Omer,60,54,82,0,0,1
Jessica Rakoczy,84,43,79,0,0,1
Sean Spencer,63,64,83,3,20,5
Steve Kennedy,73,64,85,1,20,2
Brian Ebersole,78,64,85,7,8,2
Clay Guida,76,54,79,43,7,5
Gilbert Burns,65,58,83,22,13,5
Adam Milstead,63,86,89,0,2,2
Takanori Gomi,82,58,80,0,6,4
Jake Collier,60,70,89,11,7,4
Ning Guangyou,76,50,76,0,19,1
Andreas Stahl,60,64,84,1,4,2
Roland Delorme,71,50,82,1,0,2
Chris Dempsey,63,70,83,18,4,4
Renan Barao,65,54,78,15,40,6
Jason Novelli,80,58,85,0,16,2
Jon Delos Reyes,63,46,78,2,9,4
Mike Rio,76,58,83,0,0,1
Royston Wee,65,50,79,10,0,2
Jimi Manuwa,80,77,86,5,18,5
Jason Saggo,67,58,84,37,4,5
Dan Hooker,58,54,85,5,10,3
Yoshihiro Akiyama,89,64,83,0,0,1
Kyle Kingsbury,76,77,90,0,0,1
Dennis Siver,82,54,79,8,6,3
Bec Rawlings,60,43,78,4,17,4
Thales Leites,76,70,86,23,15,7
Ivan Menjivar,73,54,78,0,0,1
Alexander Volkanovski,60,58,77,0,12,1
Jimmie Rivera,58,50,76,8,23,4
Jonathan Meunier,63,64,89,0,32,2
Angela Magana,71,43,72,2,8,2
Jesse Ronson,67,58,83,2,10,2
Ronny Markes,60,70,86,0,0,1
Kyung Ho Kang,63,50,82,2,0,2
Luke Sanders,67,54,78,0,42,2
Anthony Christodoulou,63,58,82,0,0,1
Joe Duffy,63,58,83,0,0,2
Gabriel Gonzaga,80,90,87,18,5,4
Leonardo Santos,80,58,85,22,14,5
Ross Pearson,69,58,80,8,45,10
Noad Lahat,69,54,82,23,5,4
Lucas Martins,60,54,85,2,9,4
Tim Gorman,71,50,76,14,0,2
Jonavin Webb,58,64,83,0,0,1
Liz Carmouche,71,50,78,21,5,3
Tae Hyun Bang,71,58,82,1,14,2
Soa Palelei,84,100,90,13,1,4
Mark Eddiva,67,54,80,28,4,4
Cat Zingano,73,50,78,5,4,3
Ryan Hall,69,54,83,4,9,2
Rani Yahya,69,50,78,42,6,6
Rafael Feijao,78,77,86,0,13,2
Glaico Franca,56,58,85,41,9,2
Magnus Cedenblad,73,70,89,20,9,4
Scott Jorgensen,73,50,77,28,4,5
Reza Madadi,82,58,84,25,12,3
Ben Nguyen,60,46,77,2,24,4
Felipe Arantes,63,50,80,17,22,5
Ricardo Abreu,69,70,84,0,0,1
Rustam Khabilov,65,58,80,65,21,6
Tina Lahdemaki,60,43,73,0,0,1
Hyun Gyu Lim,69,64,89,0,18,4
Horacio Gutierrez,56,54,83,0,1,2
Steve Bosse,76,77,84,0,6,3
Sean Strickland,56,64,86,18,13,6
Scott Holtzman,71,58,82,16,13,4
Masio Fullen,63,54,83,2,17,2
Ruan Potts,84,93,87,4,0,2
Melvin Guillard,71,58,82,0,0,1
Hugo Viana,73,50,78,0,16,3
Garett Whiteley,78,58,85,0,0,2
Tatiana Suarez,56,43,77,0,0,1
Sarah Moras,60,50,79,2,9,2
Enrique Barzola,58,54,79,26,8,3
Sheldon Westcott,69,64,86,18,7,3
Matthew Lopez,65,50,79,1,19,2
TJ Dillashaw,67,50,78,42,55,6
Alberto Mina,76,64,85,18,6,3
Robert Whittaker,56,70,85,8,18,8
Hector Urbina,63,64,84,0,6,3
Zak Cummings,69,64,85,15,16,7
Nick Catone,76,70,85,0,0,1
Alvaro Herrera,56,64,85,0,6,2
Bobby Nash,56,64,85,0,0,1
Johnny Bedford,73,50,83,0,0,3
Irene Aldana,60,50,82,1,24,2
Alejandro Perez,58,50,78,6,3,5
Alex Torres,60,54,83,0,0,1
Johnny Case,58,58,83,19,5,5
Damian Stasiak,58,50,80,5,4,3
Abdul Razak Alhassan,67,64,83,0,0,1
Alexis Dufresne,56,50,82,0,0,1
Mike Easton,71,50,78,2,6,2
Mike Swick,80,64,86,0,0,1
Volkan Oezdemir,58,77,86,0,58,1
Cody East,60,92,89,0,9,2
Edson Barboza,67,58,84,7,46,9
Ian Entwistle,65,50,77,0,0,2
Rogerio Nogueira,86,77,87,0,10,2
Rashid Magomedov,69,58,82,2,58,2
Takenori Sato,67,64,83,2,12,2
Albert Cheng,69,64,84,0,0,1
Joe Riggs,73,70,85,6,13,4
Norifumi Yamamoto,86,50,76,0,0,1
Vernon Ramos,52,63,82,0,0,1
Curtis Blaydes,56,100,90,17,3,3
Tateki Matsuda,67,46,79,1,4,2
Martin Svensson,67,58,86,0,0,1
Leandro Issa,71,50,79,47,13,5
Niklas Backstrom,58,54,86,0,1,3
Siyar Bahadurzada,69,64,84,0,18,1
Joe Proctor,67,58,83,0,11,5
Elias Silverio,65,58,84,8,8,3
Brendan Schaub,73,92,90,7,7,2
Thiago Alves,71,58,82,2,18,5
Jorge Masvidal,69,64,84,29,50,10
Jack Marshman,58,70,85,0,12,2
Mauricio Rua,76,77,86,4,4,4
Dileno Lopes,69,50,77,5,4,2
Dave Galera,84,50,84,0,0,1
Louis Smolka,54,46,82,56,35,9
Valerie Letourneau,73,46,79,15,33,6
Darrell Montague,63,46,78,2,6,2
Jeremy Kennedy,52,54,84,20,9,2
Mike King,71,70,89,0,0,1
Sultan Aliev,69,64,85,0,10,2
Mitch Gagnon,69,50,77,12,19,3
Elvis Mutapcic,65,70,85,0,21,3
Felipe Silva,69,58,85,0,44,1
Jimmy Wallhead,71,64,83,0,0,1
Kyle Bochniak,65,54,79,7,11,2
Johny Hendricks,71,70,82,89,14,7
Chase Sherman,58,94,90,0,12,2
Shane Howell,71,46,80,0,4,2
Nate Marquardt,80,70,85,24,23,7
Chris Wade,63,58,83,32,12,6
Jim Miller,71,58,80,26,15,9
Hector Lombard,84,64,82,2,13,2
Alex Caceres,60,54,83,10,28,8
Danny Roberts,63,64,86,0,8,3
Jared Rosholt,65,100,87,30,13,5
Holly Holm,76,54,80,1,31,5
Dustin Poirier,60,58,82,5,7,7
Masanori Kanehara,73,50,79,7,10,3
Danielle Taylor,58,43,71,1,49,2
Devin Clark,56,77,85,7,6,3
Anthony Pettis,65,54,83,4,32,6
Mark Bocek,76,58,80,0,0,1
Eric Spicely,65,70,86,9,13,3
John Hathaway,63,64,86,0,0,1
Peter Sobotta,65,64,85,14,10,4
Gunnar Nelson,60,64,84,5,8,5
Jonathan Wilson,63,77,87,0,4,3
Stevie Ray,58,58,83,1,29,5
Hayder Hassan,73,64,83,0,0,1
Amanda Nunes,60,50,80,10,15,6
Sage Northcutt,45,58,85,13,7,5
Brandon Moreno,50,46,79,1,31,2
Marc Diakiese,52,58,83,14,10,3
Hector Sandoval,65,46,73,0,8,2
Matt Van Buren,65,77,91,0,0,1
Mickael Lebout,63,58,84,0,2,3
Jim Alers,65,54,82,14,9,4
Neil Seery,80,46,76,13,20,6
Mark Munoz,84,70,85,12,0,3
Mike Pierce,78,64,80,0,35,1
Jussier Formiga,67,46,77,29,7,6
Roman Salazar,63,50,79,2,0,2
Christian Colombo,78,100,91,1,5,2
Joseph Benavidez,69,46,76,19,34,5
Norman Parke,65,58,84,53,22,6
Antonio Silva,80,99,90,1,8,5
Vik Grujic,86,64,84,8,2,4
Gregor Gillespie,65,58,82,28,6,2
Jon Jones,63,77,90,16,27,3
Claudio Puelles,43,58,84,0,0,1
Chas Skelly,67,54,84,37,12,8
Mike Jackson,69,64,87,0,0,1
Douglas Silva de Andrade,67,50,79,0,11,3
Lyoto Machida,82,70,86,4,18,5
Jake Matthews,47,58,82,43,11,7
Jeremy Kimball,56,77,85,0,1,1
Belal Muhammad,60,64,84,23,24,4
Thiago Perpetuo,63,64,83,0,0,1
Matheus Nicolau,52,46,76,5,25,2
Francimar Barroso,80,77,86,69,9,6
Marcel Fortuna,67,77,86,0,75,1
Marcin Tybura,67,94,89,5,9,3
Mark Hunt,93,100,83,2,14,7
David Michaud,60,58,82,5,9,2
Nolan Ticman,60,46,78,1,0,2
Viviane Pereira,50,43,71,0,77,1
Khalil Rountree Jr.,58,77,86,0,2,1
Erick Montano,67,64,85,13,6,3
Mike de la Torre,65,54,84,10,10,7
Ion Cutelaba,50,77,86,2,17,3
Daniel Cormier,82,77,84,35,21,7
Matt Hobar,65,50,83,8,12,3
Hacran Dias,69,54,80,35,20,5
Myles Jury,60,54,84,12,19,4
Fernando Bruno,76,54,78,14,6,2
Kyoji Horiguchi,56,46,77,22,37,7
Francisco Trinaldo,82,58,82,26,38,10
Cesar Arzamendia,56,58,84,0,0,1
Matt Wiman,71,58,83,0,0,1
Lance Benoist,60,64,84,0,0,1
Uriah Hall,69,70,85,10,22,8
Luis Henrique,50,91,87,19,6,3
Ildemar Alcantara,73,70,87,19,0,4
Fabricio Werdum,84,86,90,23,18,5
Hans Stringer,63,77,89,18,11,3
Gabriel Benitez,60,54,80,0,18,4
Chris Gruetzemacher,65,58,80,0,8,2
Charlie Ward,78,64,84,0,0,1
Bryan Caraway,69,50,80,29,14,4
Louis Gaudinot,69,46,75,0,10,2
Joe Lauzon,69,58,83,27,4,7
Ryan LaFlare,71,64,86,17,26,4
Shane Campbell,65,58,85,21,23,5
Mike Pyle,89,64,85,17,10,6
Rob Font,63,50,80,2,37,3
Valmir Lazaro,67,58,85,19,18,3
Diego Ferreira,69,58,82,5,15,4
Julian Erosa,58,54,86,4,11,2
Matt Mitrione,82,100,89,0,6,4
Corey Anderson,58,77,89,24,17,4
Leon Edwards,54,64,85,13,16,7
Jessica Eye,65,50,78,0,13,6
Mark Godbeer,71,90,87,1,1,2
Steve Montgomery,56,70,90,0,0,2
Randa Markos,67,43,76,32,7,6
Ryan Benoit,58,46,77,4,10,4
Roan Carneiro,82,64,84,4,17,4
Sarah Kaufman,67,50,77,1,19,3
Marcin Wrzosek,63,58,82,0,0,1
JC Cottrell,58,58,82,0,4,2
Viscardi Andrade,71,64,85,5,15,3
Tor Troeng,73,70,87,7,4,2
Juan Puig,58,54,82,0,0,1
Beneil Dariush,58,58,83,40,39,11
Diego Rivas,54,54,80,4,9,2
Cung Le,95,70,83,0,5,1
Magomed Mustafaev,60,58,82,5,48,3
Seohee Ham,65,43,73,11,21,4
Bradley Scott,58,70,86,6,10,4
Yan Cabral,71,58,84,32,1,4
Lewis Gonzalez,63,64,83,0,16,1
Konstantin Erokhin,73,86,84,0,6,2
Rocky Lee,63,54,82,0,0,1
Raquel Pennington,60,50,79,28,27,7
Thibault Gouti,65,58,83,0,31,3
Marcio Alexandre Junior,58,64,85,8,3,2
Paulo Borrachinha,54,70,85,0,30,1
Zubaira Tukhugov,56,54,80,14,7,4
Daniel Omielanczuk,73,93,85,10,16,7
Ian McCall,69,46,77,10,11,2
Godofredo Pepey,63,54,79,2,14,5
Anthony Lapsley,80,64,82,0,0,1
Joey Gomez,65,50,83,0,7,1
Gasan Umalatov,73,64,84,29,2,4
Chan Sung Jung,65,54,79,0,36,1
Urijah Faber,80,50,78,62,22,8
Joachim Christensen,82,77,89,0,10,2
Rafaello Oliveira,76,58,80,0,0,1
Ruslan Magomedov,65,90,89,0,3,3
Guto Inocente,65,77,89,0,0,2
Leonardo Augusto Leleco,69,70,85,0,24,1
Milana Dudieva,58,50,77,11,3,3
Kevin Casey,76,70,84,13,18,5
Dominick Cruz,69,50,80,26,25,4
Cathal Pendred,63,64,86,76,13,6
Jorge de Oliveira,80,64,80,0,3,2
Jordan Johnson,60,77,87,0,44,1
Luan Chagas,50,64,85,1,20,2
Ryan Janes,76,70,89,0,0,2
Phil Davis,69,77,87,33,18,3
Alan Patrick,71,58,84,28,10,3
Dustin Kimura,58,50,79,7,0,3
Vitor Miranda,82,70,86,3,12,5
Sergio Pettis,50,46,78,18,33,7
Rodolfo Rubio,65,54,77,0,0,1
Chico Camus,69,46,78,10,19,5
Jan Blachowicz,73,77,87,11,11,6
Joshua Burkman,78,64,83,29,25,5
Carlos Diego Ferreira,69,58,82,0,0,1
Frank Mir,80,99,89,10,5,5
Alexander Yakovlev,69,64,89,32,21,6
Wilson Reis,69,46,76,100,28,8
Trevor Smith,78,70,89,34,5,7
Demetrious Johnson,65,46,75,69,68,7
Brad Tavares,63,70,86,30,20,6
Ray Borg,50,46,76,47,16,7
Sai Wang,67,64,85,0,3,2
Khabib Nurmagomedov,60,58,83,26,3,3
Aaron Phillips,58,54,82,0,6,2
Brad Pickett,82,50,78,67,24,8
KJ Noons,73,58,83,0,2,4
Sergio Moraes,73,64,85,17,14,5
Nikita Krylov,54,77,89,3,17,3
Cyril Asker,67,93,87,4,1,2
Andrew Craig,67,70,86,1,1,2
Brock Lesnar,84,100,89,0,0,1
Andre Fili,56,54,83,55,19,6
Rafael Dos Anjos,69,58,82,46,59,2
Anthony Hamilton,78,98,91,21,26,6
Walt Harris,71,94,91,0,10,4
Cyrille Diabate,93,77,92,0,0,1
Dong Hyun Kim,76,64,87,6,4,6
Katlyn Chookagian,60,50,82,1,14,3
Alan Jouban,76,64,85,3,27,9
Rory MacDonald,58,64,85,9,30,5
Alex Nicholson,56,70,90,0,11,3
Brendan O'Reilly,63,64,82,22,8,4
Luke Rockhold,69,70,89,2,16,6
Cody Garbrandt,54,50,80,14,13,5
Anthony Smith,60,70,90,0,24,3
Paul Craig,63,77,90,2,20,2
Mike Rhodes,58,64,86,9,3,3
Cris Cyborg,67,52,80,0,1,2
Maximo Blanco,71,54,80,18,14,5
Jimy Hettes,63,54,82,5,1,2
Chad Laprise,65,58,83,15,30,6
Marco Beltran,65,50,80,0,2,2
Brandon Thatch,67,64,87,8,25,4
Chris Avila,52,54,83,1,13,2
Daniel Spohn,69,77,90,0,0,1
Lipeng Zhang,58,58,84,14,1,2
Christos Giagos,58,58,83,0,9,3
Roldan Sangcha-an,56,46,76,2,2,2
James Krause,65,58,87,21,23,5
Polo Reyes,69,58,84,0,14,2
Sam Stout,69,58,82,0,7,3
Joby Sanchez,54,46,78,1,6,3
Kajan Johnson,69,58,84,16,9,2
Jessica Andrade,54,43,75,37,28,7
Damian Grabowski,78,90,86,1,42,2
Aleksei Oleinik,84,90,87,10,0,2
Niko Price,58,64,85,5,19,2
Omari Akhmedov,63,64,85,22,15,6
Alessandro Ricci,73,58,84,2,33,2
Ivan Jorge,78,58,82,13,6,2
Carla Esparza,63,43,72,46,8,4
Kelvin Gastelum,54,70,82,15,19,9
Will Brooks,65,58,83,19,44,3
Glaico Franca Moreira,56,58,85,0,0,1
John Lineker,56,50,75,11,47,8
Cynthia Calvillo,63,43,76,1,5,2
Eddie Alvarez,71,58,82,51,30,5
Fabio Maldonado,80,77,86,0,9,4
Kailin Curran,54,43,76,10,11,4
Daniel Kelly,84,70,85,33,4,4
Zach Makovsky,71,46,76,39,18,4
Nico Musoke,65,64,85,23,12,4
Naoyuki Kotani,76,58,80,14,3,3
Dongi Yang,69,70,84,0,0,1
Joe Merritt,71,64,85,0,2,1
Damir Hadzovic,65,58,84,0,0,1
Alexa Grasso,50,43,77,2,10,2
Magomed Bibulatov,60,46,77,0,4,1
Igor Araujo,78,64,86,12,4,3
James Te Huna,76,70,87,1,1,2
George Sullivan,78,64,85,44,22,5
Costas Philippou,80,70,84,0,4,3
Michinori Tanaka,56,50,77,35,3,5
Tecia Torres,58,43,72,29,30,5
Henry Cejudo,65,46,76,44,43,6
Charlie Brenneman,78,58,83,6,2,3
Michael Johnson,65,58,83,12,27,6
Jordan Rinaldi,63,58,83,0,5,1
Diego Sanchez,76,58,83,0,0,2
Anthony Birchak,65,50,80,5,11,4
Takeya Mizugaki,71,50,79,9,7,6
Nik Lentz,69,58,80,49,21,4
Ben Wall,58,58,83,0,0,1
Dennis Bermudez,65,54,78,71,17,7
Ashley Yoder,63,43,79,0,13,1
Nick Diaz,71,70,85,0,0,1
Luke Zachrich,76,70,87,0,0,2
Levan Makashvili,60,54,80,33,10,3
Mats Nilsson,71,64,86,0,1,2
Humberto Brown,69,54,83,0,0,1
Yao Zhikui,56,46,77,5,1,3
Justin Salas,76,58,80,15,2,3
Felice Herrig,69,43,76,2,7,3
Pawel Pawlak,60,64,85,3,3,3
Alex Morono,56,64,84,2,16,3
Matt Schnell,58,50,80,0,9,1
Scott Askham,60,70,89,8,14,5
Nam Phan,73,50,78,0,0,1
Marlon Vera,52,50,80,11,16,4
Tony Ferguson,71,58,84,11,24,8
Jose Quinonez,56,50,80,9,5,3
Bethe Correia,71,50,77,2,22,6
Veronica Macedo,45,50,76,0,4,1
Ben Rothwell,76,100,90,0,7,2
Jason High,76,58,80,0,9,1
Bobby Voelker,80,64,85,0,0,1
Olivier Aubin-Mercier,60,58,82,80,24,7
Daniel Pineda,67,54,79,0,0,1
Dan Henderson,100,70,84,7,10,7
Sabah Homasi,60,64,85,0,100,1
Hatsu Hioki,71,54,84,8,8,2
Willie Gates,65,46,80,0,23,4
Charles Oliveira,58,54,83,44,31,7
Francisco Rivera,76,50,80,11,6,6
Ali Bagautinov,67,46,76,61,30,5
Leonardo Mafra,58,58,83,5,6,3
Mirko Cro Cop,91,82,87,0,6,1
Taylor Lapilus,52,50,78,8,13,4
Dmitrii Smoliakov,69,95,87,1,1,2
Yves Jabouin,80,50,79,12,23,4
Cole Miller,69,54,86,5,26,5
Jessamyn Duke,65,50,84,11,14,3
Marcio Alexandre,58,64,85,0,0,1
Tom Breese,54,64,89,0,18,3
Shinsho Anzai,67,64,79,1,0,2
Artem Lobov,65,58,82,0,7,4
Darren Till,52,64,85,0,0,1
Patrick Williams,76,50,80,11,2,3
Alexis Davis,69,50,78,8,11,4
Lauren Murphy,71,50,79,15,6,4
Gadzhimurad Antigulov,65,77,84,0,1,1
Jocelyn Jones-Lybarger,67,43,79,4,23,3
An Ying Wang,56,64,85,0,0,2
Devin Powell,63,58,85,0,0,1
John Makdessi,67,58,80,4,72,6
Rob Whiteford,71,54,82,33,16,4
Kevin Souza,69,54,85,0,10,3
Kamaru Usman,63,64,85,54,17,5
Aiemann Zahabi,63,50,80,0,0,1
Jack May,76,95,95,4,0,2
Josh Koscheck,84,64,83,8,9,2
Jerrod Sanders,80,50,80,7,9,4
Felipe Olivieri,67,58,82,0,3,1
Valentina Shevchenko,63,50,77,26,30,4
John Dodson,69,50,75,5,54,4
William Patolino,54,64,84,1,5,2
Mike Wilkinson,63,54,79,1,1,2
Gleison Tibau,71,58,83,41,8,5
Fredy Serrano,80,46,77,20,1,2
Andrew Holbrook,67,58,84,8,13,4
Ketlen Vieira,54,50,80,8,22,2
Mairbek Taisumov,60,58,82,0,0,1
Junior Dos Santos,71,90,90,1,24,3
Ryan Jimmo,76,77,87,2,4,3
Tim Kennedy,80,70,84,27,13,3
Ed Herman,78,77,86,8,7,4
Nate Diaz,67,64,85,0,44,4
Alistair Overeem,78,100,90,10,29,8
Alex Oliveira,63,64,84,66,27,9
Joaquim Silva,60,58,80,0,5,2
Glover Teixeira,80,77,87,37,26,7
Jake Ellenberger,67,64,82,14,11,7
Alessio Di Chirico,58,70,85,11,1,3
Francisco Trevino,76,58,82,15,9,3
Paulo Thiago,78,64,84,10,6,2
CM Punk,82,64,86,0,0,1
Cody Gibson,63,50,83,14,3,4
Germaine de Randamie,69,54,82,0,21,3
Cub Swanson,71,54,80,9,24,6
Paige VanZant,47,43,76,0,4,2
Ruon Potts,84,93,87,0,0,1
Albert Morales,54,50,82,3,18,3
Sean Soriano,58,54,82,0,2,3
Danny Mitchell,65,64,87,1,3,2
Fabricio Camoes,82,58,83,0,0,1
Kyle Noke,80,64,86,4,25,5
Kazuki Tokudome,65,58,84,10,0,2
Max Holloway,54,54,84,4,52,10
Jack Hermansson,60,70,86,8,23,2
Evan Dunham,76,58,83,23,14,5
Lina Lansberg,76,52,79,1,6,2
Viktor Pesta,56,90,89,61,4,5
JJ Aldrich,52,43,77,0,21,1
Eddie Wineland,69,50,79,4,20,5
Dashon Johnson,63,54,79,1,0,2
Anton Zafir,63,64,84,4,5,2
Arnold Allen,50,54,80,5,2,2
Seth Baczynski,76,64,89,17,17,3
Andrew Sanchez,60,70,86,23,6,3
Rodrigo de Lima,56,58,79,4,16,2
Court McGee,69,64,84,46,11,4
Lucie Pudilova,47,50,84,0,9,1
Stipe Miocic,73,90,90,43,11,7
Pearl Gonzalez,65,43,76,0,4,1
Ben Saunders,71,64,87,0,14,5
Joe Ellenberger,67,58,82,14,1,2
Ovince Saint Preux,71,77,89,23,26,9
Alberto Uda,69,70,89,2,8,2
Marcos Rogerio de Lima,67,77,86,0,0,3
Minotauro Nogueira,86,90,89,0,0,2
Clay Collard,52,54,84,38,30,4
Rose Namajunas,52,43,77,17,17,5
Krzysztof Jotko,58,70,86,14,8,6
Michael Bisping,82,70,86,4,22,8
Anderson Silva,89,70,87,0,21,4
Antonio Carlos Junior,58,70,87,47,11,7
Frankie Perez,58,58,84,7,6,3
Drakkar Klose,63,58,80,0,0,1
Misha Cirkunov,65,77,89,20,12,4
Davey Grant,67,50,80,7,6,2
Alex Chambers,82,43,75,1,1,2
Dylan Andrews,80,70,86,4,0,2
Derek Brunson,71,70,86,44,15,8
Renato Moicano,58,54,84,3,17,3
Emily Peters Kagan,76,43,75,0,15,1
Max Griffin,67,64,84,0,13,2
Iuri Alcantara,78,50,82,21,30,8
Bigfoot Silva,80,99,90,0,0,1
Rick Glenn,58,58,85,4,30,2
Martin Bravo,50,58,80,0,0,1
Bruno Santos,63,70,82,8,5,2
Alexandre Pantoja,56,46,77,0,0,1
Anna Elmose,69,43,75,7,2,2
Daniel Jolly,69,77,86,0,1,2
Shamil Abdurakhimov,76,88,89,11,9,2
Nina Ansaroff,67,43,77,3,7,3
Damien Brown,69,58,83,5,6,3
Teruto Ishihara,54,54,79,0,15,3
Cristiano Marcello,84,58,82,0,0,1
Mickey Gall,54,64,87,0,3,3
Chris Cariaso,76,46,75,4,32,5
Michael Graves,56,64,83,26,4,3
Ulka Sasaki,58,46,83,23,12,4
Izabela Badurek,54,43,76,0,0,1
Aljamain Sterling,58,50,79,53,29,7
Tim Boetsch,78,70,85,15,15,8
Jared Cannonier,71,77,84,1,23,3
Vitor Belfort,84,70,85,0,11,5
Jordan Mein,58,64,85,8,6,4
Russell Doane,65,54,79,37,4,6
Josh Copeland,73,92,86,0,11,2
Donald Cerrone,71,64,86,33,57,13
Benson Henderson,71,64,82,20,41,6
Caio Magalhaes,63,70,86,0,10,4
Akbarh Arreola,73,58,83,5,10,4
Tyson Pedro,54,77,89,2,1,2
Abner Lloveras,73,58,84,0,0,1
Marcus Brimage,67,50,76,3,5,3
Anthony Johnson,71,77,87,11,12,7
Rashad Evans,80,70,85,5,20,3
Clint Hester,65,77,87,15,5,5
Alex Garcia,63,64,82,49,11,5
Daron Cruickshank,67,58,80,33,18,8
Li Jingliang,63,64,85,1,0,2
Frankie Saenz,78,50,78,21,29,6
Cezar Ferreira,69,70,86,23,28,8
Shane Burgos,56,54,84,1,21,2
Leo Kuntz,71,58,83,0,0,1
Kenny Robertson,71,64,83,25,2,5
Maryna Moroz,54,43,79,2,20,4
Zak Ottow,65,64,84,2,21,2
Yves Edwards,86,58,82,1,4,2
Claudio Silva,73,64,84,22,1,2
Manvel Gamburyan,76,50,77,23,5,4
Elizabeth Phillips,65,50,78,9,22,4
Brian Camozzi,54,64,87,0,13,1
Patrick Cummins,78,77,87,89,8,9
Alptekin Ozkilic,65,46,77,31,17,3
Augusto Montano,69,64,86,0,7,3
Rafael dos Anjos,69,58,82,13,20,6
Alexander Volkov,60,94,93,2,7,2
Tom Niinimaki,73,54,82,13,0,3
Michel Prazeres,76,58,78,67,21,5
Paul Redmond,65,54,82,2,5,2
Thomas Almeida,54,50,79,0,27,6
Diego Brandao,63,54,79,8,6,4
Mehdi Baghdad,67,58,86,0,66,2
Junior Hernandez,65,50,82,0,0,1
Geane Herrera,56,46,77,2,17,4
Lorenz Larkin,65,64,84,2,24,8
Darrell Horcher,63,58,83,0,5,1
Albert Tumenov,54,64,84,6,18,8
Emil Meek,60,64,84,0,11,1
Anthony Njokuani,80,58,86,0,11,2
Phillipe Nover,71,54,82,9,37,3
Luke Barnatt,60,70,92,2,10,4
Chris de la Rocha,80,100,90,0,7,2
Chris Heatherly,63,64,82,1,0,2
Rony Jason,71,54,79,10,11,5
Daniel Sarafian,73,70,82,1,1,3
Tom Lawlor,71,77,85,0,20,1
Thiago Santos,71,70,85,7,19,9
Guido Cannetti,80,50,78,2,13,2
James Vick,65,58,89,3,17,6
Warlley Alves,56,64,84,14,12,6
Ashlee Evans-Smith,63,50,80,8,14,3
Jake Lindsey,65,58,84,2,6,2
Kelly Faszholz,67,50,80,2,10,2
Chris Beal,67,50,79,14,10,5
Chris Holdsworth,63,50,84,0,0,1
Cristina Stanciu,47,43,77,1,19,2
Justin Edwards,73,58,83,0,7,2
Miesha Tate,65,50,78,41,26,7
Steven Siler,65,54,84,0,1,2
Eddie Gordon,71,70,85,5,1,4
Jeremy Stephens,65,54,82,30,41,7
Josh Stansbury,69,77,87,2,3,2
Paddy Holohan,60,46,83,31,14,3
Sam Sicilia,67,54,80,24,15,7
Gian Villante,67,77,89,35,15,7
Dominic Waters,58,64,86,9,19,3
Josh Sampo,69,46,76,0,0,1
Elias Theodorou,60,70,86,42,41,6
Jarjis Danho,71,100,87,0,12,2
Damon Jackson,60,54,84,13,7,3
Kwan Ho Kwak,58,50,79,0,0,1
Gina Mazany,60,50,78,0,33,1
Mizuto Hirota,76,54,79,0,34,1
Frankie Edgar,76,54,78,59,26,6
Raphael Assuncao,73,50,77,13,39,3
Patrick Walsh,60,70,84,0,0,1
Gray Maynard,80,54,80,39,9,4
Patrick Cote,80,64,84,56,32,7
Mitch Clarke,67,58,83,3,6,3
Keita Nakamura,69,64,84,13,17,3
Demian Maia,84,64,86,88,7,6
Andre Soukhamthath,60,50,82,0,10,1
Jenel Lausa,60,46,77,1,3,2
Isaac Vallie-Flagg,82,58,80,3,0,3
Anthony Perosh,95,77,89,3,0,3
Pedro Munhoz,65,50,78,14,9,5
Sam Alvey,65,70,87,0,19,9
Ericka Almeida,60,43,78,2,11,2
Andy Enz,54,70,89,1,4,3
Alexandra Albu,56,43,75,0,0,1
Justine Kish,60,43,77,14,6,2
Shawn Jordan,69,98,85,13,3,4
Bobby Green,65,58,83,7,21,4
Yusuke Kasuya,58,58,79,5,18,2
Ryan Bader,71,77,87,68,15,6
Edgar Garcia,71,64,83,2,9,2
Jacare Souza,80,70,86,45,16,7
Tim Means,71,64,87,30,36,10
Tiago Trator,63,54,82,5,24,4
Yuta Sasaki,58,46,83,0,0,1
Bryan Barberena,58,64,85,7,17,5
Leandro Silva,67,58,82,41,12,7
